reviewContent,name,rating
bagus mantap dah sesui pesanan,Kamal U.,5.0
bagus sesuai foto,yofanca m.,4.0
okkkkk mantaaaaaaapppp goood,Lazada Customer,5.0
bagus sesuai,Lazada Customer,4.0
bima,nurfarida,1.0
baru 10 bulan layarnya dah bergaris,Fadjar B.,1.0
pesan rabu sore minggu sore sampe barang sesuai specs mantab tks lazada,agung p.,5.0
mau tanya ini cicilnya pake apa ya cc bkn,Lazada Guest,1.0
apakah tv tsb suda ada anti gores,Yan M.,5.0
pengirim barang tidak sesuai janji katanya express 1 hari dari hari jumat barang sampai hari rabu semoga barangnya awet saja,Andry M.,1.0
kualitas ok,Leonard,4.0
bagaimana tv led saya merek sharp 24 hitam lc 24le170i sekarang mati total baru 2 bln kemana saya harus menghubungi dan meminta bantuan mohon kebijakan dan solusinya so alnya masih garansi kepada pihak lazada saya mohon bantuannya terimakasih,Lazada Guest,1.0
pengiriman super lama tapi datang juga sich,Bun D.,3.0
ok barang sampai dengan baik smoga terus di pertahankan,Fadoli,5.0
kalau mau cicilan gmna cra nya,Lazada Guest,5.0
barang sudah sampai dan bagus thanks lazada,Fitriyansah E.,5.0
pengiriman cepat sipplahhh,Lazada Guest,5.0
sampe sekarang masih ok ne laptop,Lazada Customer,5.0
pengiriman cepat packaging good barang oke thnks seller thnks lazada,Lazada Guest,5.0
barang diterima dengan selamat produk sesuai dengan deskripsi barang nyape 3 hari ke pekanbaru riau terimakasih lazada dan kotakom pucang laptopnya mantap,Amarullah,5.0
senang belanja disini pelayanan oke barang sesuai ekspektasi order senin hari selasa malam udah nyampe di settingin sxan sama kurirnya pokoknya top deh thanks lazada,Dwi,5.0
belum test barangnya,Rosalina S.,4.0
sudah cape2 transfer tapi pesanan ditolak,Wan D.,1.0
barang ok kualitas bagus dengan harga yg cukup miring kualitas gambar juga ok pengiriman lumayan ga nyesel pokonya beli tv ini,Anggun W.,5.0
saya minat tapi kalau dikirim ke gresik jawa timur bisa gak klo dr info pengiriman bebas tapi takut gk sampai dan tanya apa ini sdh full hd apa blm terima kasih,Fathin,5.0
pengn tivinya,Eti A.,4.0
mantapppp barang nya,Lazada Guest,5.0
barang mulusss mantapppppp,Lazada Guest,3.0
laptop ini memiliki spesifikasi yang bagus dan harga yang terjangkau namun pada tab spesifikasi utama produk itu emang intel core i5 atau salah buat di judul dikatakan core i7,Fuady S.,1.0
barang sampai dengan aman kemampuan laptop sesuai dengan yang di iklankan hanya saja laptop datang dengan dos sehingga harus di install sendiri windows nya overall it s worth the money,Ramadhana,5.0
barang sampai 2 hari dengan selamat dan sesuai deskripsi,Jendra,5.0
harga sangat murah mantep banget,Ade P.,5.0
murah banget itu enga salah kasih harga tau2 nati salah kasi info barang nya,Lazada Guest,3.0
barang udah sampai tapi pas dinyalain g bisa gmn pertanggung jawaban lazada,Lazada Guest,1.0
klo dp1jt tanpa kartu kredit bisa gk brp bln pembayarannya dan sebulannya brp terimaksh,Lazada Guest,4.0
untuk pemasangan di tembok apa ad pihak dari lazada yg memasang a terima kasih,Lazada Guest,1.0
kapasitas hdd asli 1 tb dan tanpa ada lecet di saat saya pertama kali membuka bungkus bubble nya,Yoga T.,5.0
barang sesuai dengan gambar,Heri K.,5.0
hd diterima dg packing bubble bagus hanya tidak tertulis barang elektronik atw keterangan lain agar penanganan lebih hati2 dan istimewa ketika paket dalam perjalanan finally 4bintang lhah,Lazada Guest,4.0
mantap gan barang sampai dengan selamat packing rapih pokok mantap lah,ACHMAD F.,5.0
oke,Bilqis,5.0
saya sangat puas dengan barang nya kualitas barang sangat membantu hdd saya apabila jatuh dari atas dan pengiriman rapi gk ada lecet kasih bintang 5 dan saya sangat tidak puas dengan peng,Dimas D.,5.0
barang diterima dengan kondisi yang baik tapi packagingnya kurang,Pembeli,4.0
suka banget sama barangnya packing nya rapi pokoknya recomended banget buat kalian yg mau beli tas hardisk dengan kulitas bagus yah di sini,KHAIRUNNISA.SYAN,5.0
flashdisk ori packing bagus saya suka thx,Antonio G.,5.0
aman cepat pula,Lazada Customer,5.0
bagus ori kok cuma hanya aja 58 gb klo 63 gpp hilang 1 gb,Lazada Customer,4.0
kapasitasy kurang bagusss aturany klw kosong g bnyakkk firusss tpi nieh bnyakkk firusss sangat kecewe,Ririn S.,1.0
baguss bangett kurir nya jga ramah cakep pula wkwk ini 64gb tp cmn 58 sekian gb tp gpp lah yah pokok nya recomended deh,Asrinur A.,5.0
produk dah sampai kemasan rapih pengiriman cepat barang bagus pembayaran cod tidak perlu diragukan lagi,ucen W.,5.0
barangnya bagus banget sesuai dengan gambar dn deskripsi pengiriman cepat bagus dn recomended bangt,ucen W.,5.0
packing tanpa bubble warp fisik no minus cuma 58 gb bukan 64 ya lumayan,Andre A.,5.0
barang ok packing rapii kurir nya ramahh puass,Hendrii R.,5.0
produk original mantap semoga awet,muchamad R.,5.0
baik sesuai ekspektasi,Budi,5.0
,Lazada Customer,5.0
barang nya oke makasih,Lazada Customer,5.0
tumben ninja cepat pengirimannya,Ahmad K.,5.0
barang asli dan original terimakasih maju terus toko jet store,ganirogy,5.0
flashdisk nya bagus sesuai picture barang cepat sampai kurir ramah,Fadhila U.,5.0
oke mudah2an awet dan ga crash belum sempet d coba,ferry P.,5.0
kapasitas cuma 58 gb ajaaaaa huft,wisnu D.,5.0
katanya 64 gb nyatanya cuman 58 gb,Lazada Customer,4.0
thks ya barang sdh sampai smga cocok,Irine S.,5.0
siippp thank lazada,Winarso Y.,5.0
udah di trima barang ok moga awet,Irman A.,5.0
josss tenan,Indra S.,5.0
ini ori bagus tahan lama masih saya pake,Recvy,5.0
kampret kaga kebaca,Sucipto B.,1.0
barang bagus quick respon hari ini pesan besok sudah sampai,Lazada Customer,5.0
brang cukup bagus,Tarmudi,5.0
sip mantap,Lazada Customer,5.0
bagus ori,Pupung A.,5.0
real good,Aobhie H.,5.0
bagus,Ketut W.,5.0
good,abdul M.,5.0
pengiriman sangat lama tgl 19 di pesan tgl 22 barang baru dikemas tgl 23 baru diambil ekspedisi tgl 25 baru sampai masih dijabotabek tapi lama,Lazada Customer,2.0
barang tanpa kemasan tanpa pelindung apapun hanya dus tv saja liat dusnya sobek dikit sudah mulai curiga kayaknya pecah ini eeeeellllaaaa pas dibuka pecah beneran bad seller bener bener bad seller mau untung aja tanpa peduli keadaan produk kalo gak ada untung n pelit pakingan ya jgn jualan barang sudah retur mudah mudahan barangnya cepat di kirim lg d,hadiyanto,1.0
barang diterima pada hari akhir yg dijadwalkan yaitu malam hari kondisi barang terlindungi dengan packing bawaan unit kualitas unit adalah kualitas sharp semoga awet bila unit ini dikirim dari gudang lazada di bogor mestinya bisa lebih cpt tiba bukan pada hari akhir yg dijadwalkan karena alamat tujuan juga di bogor,Fajar H.,4.0
masukan saja klo bisa packingnya jangan asal dikasih buble wrap minimal ini cuma dipacking pakai plastik biasa sempet khawatir pecah tpi untung gk terjadi,aryanto,4.0
pesanan sesuai dgn yg di gambar skrg sy lg coba smoga awet,Abdul A.,4.0
pengiriman tidak sesuai tanggal yang tertera,Edi S.,2.0
sesuai no tipu2,Lazada Customer,5.0
barang ok packing rapih,Pohin,5.0
barangnya sampai dengan cepat bagus terimakasih lazada,Nilam R.,5.0
pengiriman cepat packirng rapih harga murah free ongkir,Pohin,5.0
mantapp barang nya sesuai pesanan,ming F.,5.0
jangan pernah beli disini parah banget barang belum sampe udh 2 mi ggu alesan nya gak jelas gangguan dll,kiky p.,1.0
hati hati ini tv ga bisa pake usb,Muhammad A.,1.0
puas,Lukas P.,5.0
mantap,ming F.,5.0
sangat puas dengan produknya terimakasih,Lazada Guest,3.0
memuaskan produk sesuai deskripsi packing bagus dan penerimaan produk cepat untuk saya yg berada di jkt,Fitriyansyah,5.0
kenapa chargernya tidak lengkap g bisa langsung dipakai buat charger kita harus nyari dan beli lagi sambungan buat chargernya tolong d bantu,Sahrul A.,3.0
ini spek ram nya 2gb atau 4gb,Dani,1.0
gan saya sarankan untuk lebih berhati hati dalam membeli flashdisk yang dikirim ke saya adalah flashdisk rekondisi daur ulang bekas jangan tertipu oleh harga mas dosa mas bohong di flashdisknya ada tulisan nama aryo yang sengaja dihapus tp kurang bersih file yang dikirim ke flashdisk juga error makan duit haram mas kenyang tp ga berkah,Rayndra A.,1.0
barang cepat sampainya kualitas fd kurang bagus file yang di copy sering corrupt,Satya P.,2.0
palsu,Hendri,1.0
very good,DHEA P.,5.0
korup terus klo di copy ke fd mengecewakan,Tjan H.,1.0
hardisknya keren pelindungnya kokoh udah ada aplikasi transcend elitenya di dalam untuk enkripsi thanks seller and lazada,Pieter C.,5.0
sampainya agak lama tapi puas packing rapi dan pas dateng warnanya biru seneng banget gan hehe top deh semoga awet barangnya,zara,4.0
trims lazada reseller barang sdh saya terima senin siang penigiriman sesuai dengan yg di informasikan,Maesaroh,5.0
sesuai spek yg saya mau jd oke lah,Uli,5.0
barangnya bagus rapi tidak mengecewakan akan tetapi bagus kalau ada bonus pouch nya hehhe,bahari,5.0
barang udah sampe gunn masih segell dari pabriknya mangstabb,Temon,5.0
barang tlah diterima kondisi baik,Yaya S.,5.0
barang sesuai deskripsi penjual ramah respon cepat,Nicho P.,5.0
packaging rapi flashdiksnya ori kapasitasnya sesuai dengan detail produk yang dicantumkan dan foto dengan barangnya sesuai barangnya datang sesuai tepat waktu makasih ya,Muhammad R.,5.0
flashdisknya sudah diterima dengan baik kapasitas total 58 544 586 752 bytes dengan fat32 menjadi 62 885 724 160 bytes kalau diformat dengan exfat write speed 10mb s dan read 30 mb s dengan port usb 2 0 belum dicoba dengan port usb 3 0,Johann S.,5.0
terima kasih barang bagus dan respon penjual sgt baik,Dian A.,5.0
barang sudah diterima dgn baik packing rapih tp isinya cuma 58gb selebihnya oke,Elisa P.,5.0
pas cocok buat anda semua bgus sesuai deskripsi,Michael O.,5.0
puas,Novi A.,5.0
flashdisk 64gb casing metal baguss,Yanti,5.0
sesuai deskripsi,rizki E.,5.0
barang dah sampai makasih,fauzi A.,5.0
mantap barang gak minus sama sekali,Lazada Customer,5.0
pengiriman cepat packing cukup bagus,Febian M.,5.0
biarkan bintang yang berbicara,Dirawan,5.0
barangnya ok cepat sampai,Erwin J.,5.0
pengirimannya cepat produk baik,Lazada Customer,5.0
barang sesuai dengan deskripsi dan berfungsi baik,Chandra K.,5.0
sampai cepat barang sesuai,Lazada Customer,5.0
dikirim hari berikutnya dan barang mulus,dwi S.,4.0
oke,herry P.,5.0
baik,Lazada Customer,4.0
ram 8gb atau 4gb,Alwan P.,2.0
tv led dengan pilihan input yang lengkap hdmi dv vga kami beli untuk keperluan kantor yang penggunaannya bisa multi source panasonic satu satunya merk yang menyediakan fasilitas ini sepanjang pengetahuan kami kualitas gambar juga bagus dengan bezel tipis yang memberikan kesan lega extra bracket memudahkan pemasangan di dinding bravo panasonic,Kurniawan,5.0
cuma butuh waktu 12 jam unit tiba thks,hanif s.,5.0
mau cicilan gmn caranya6,Rosana U.,1.0
nyicil dengan cara mudah prosesnya susah nggak,Lazada Guest,3.0
pokonya puas,Lazada Guest,5.0
puas bgt pengiriman sesuai jadwal barang bagus packing rapih buat maen game enak bgt hihii murah lagi tenkyu lazada,Muhammad R.,5.0
saya igin pesan tapi packingnya kalo bisa harus rapih dan aman jadi barang terlindungi untuk saat ini bintang 3 nanti kalo barangnya udah diterima dan bagis jadi 5 bintang,Gani R.,3.0
saya kurang yakin produk ini genuine karena hologramnya pun tidak ada dan kartu garansinya pun tidak ada hanya keterangan saja di dusnya bahwa barang ini original resmi indonesia bergaransi dengan diberi nomor telpon service centernya memory yang tersedia ternyata juga tidak sampai 2 tb tetapi 1 81 tb selisih 0 19 tb besar banget selisihnya tidak mungkin juga terpakai untuk sistemnya sampai begitu banyak tapi tidak begitu masalah eksternal hardisk ini bekerja bagus cepat dan hadiah hardcase cukup bagus untuk melindungi barang ini dari debu dan benturan sayangnya saat di registrasi ke official webnya wd ternyata identification numbernya tidak dikenal tidak valid alias barang ini bukan asli alias kw seller responsif sayangnya tidak memberitahu asli tidaknya barang ini pengiriman terhitung cepat dalam 2 hari barang sudah di tangan mudah2an saja barang ini awet wslaupun tdk original,Lazada Customer,3.0
barang bagus peking rapih gua rekomendasikan banget lah klo barangnya cma sayang pengiriman lama kaya ampas jne dioper sana sini barang gua ga ga muncul2 harus di komplen dlu cs ny kali baru ngerti mending buat pengiriman lain deh lbi bgus,Lazada Customer,3.0
mantab speed konsisten total size asli 1 81gb pas sejauh ini masih normal digunakan nice job seller n lazada,Dovicky A.,5.0
barang belum terima pihak lazada bilang sidah diterima cek di jne lhoksukon aceh utara barang tidak ada ada masalah petigasnya tdk ramah dan tdk ada solusk mana yg benar email ke cs jne sama cs lazada tdk ada reapon bagaimana nasih barang saya harga 1 jt an,Ruli W.,1.0
smuanya mntap,Keong I.,5.0
pengiriman cepat hr ini kirin lusa udh terima packing rapi pake bubble jg kwalitas product oke tq,Yuli S.,5.0
saya rekomendasikan beli disini,denys T.,5.0
sudah sampaiii,Rusli C.,5.0
warna sesuai pesanan spek persis ok dah,Lazada Customer,5.0
thanks respon cepat hdd ext 2tb sampai sesuai pesanan,faesal K.,4.0
original packing rapi,Rahmat M.,5.0
barang good condition and delivery ok,tetty N.,5.0
barang oke,Albert A.,5.0
foto produk sesuai dengan asli warna birunya bagus saya pesan dan bayar produk ini pada tanggal 21 oktober 2018 dan produk ini datang pada tanggal 23 oktober 2018 dalam kondisi baik dan berfungsi untuk macbook pro saya meskipun saya harus format dahulu saya mendapat bonus poket untuk external hdd saya ini mudah mudahan produk ini awet terima kasih lazada,Vian B.,4.0
packing rapi dan pengiriman tepat waktu sejauh ini berfungsi dengan baik harapannya semoga awet ni barang,Lazada Customer,5.0
barangnya bagus kecil compaq dan packing baik,Deni A.,5.0
good product with reasonable price,Thomas D.,5.0
packing rapi kualitas oke fitur2 persis seperti deskripsi desain keren cuma yg kurang puas di segi kecepatan transfer hanya mentok di 9 10 mb s,Indra P.,5.0
gmn nih lazada saya liat iklannya flashdisk tapi yg dikirim koq malah flashdrive mohon penjelasannya barang sdh saya buka saya br x ini kecewa,jhonay,1.0
smua yang di ulasan bener smua apa mreka kata kapasitas terbaca 29 5gb karena terpakai sistem pengiriman lebih cepat dari extimasi,Eko p.,5.0
barang sdh diterima pengirimannya cepat data yg terbaca 29 1gb iya karena space 32gb tdk terbaca 32gb full terima kasih atas fast responnya n barangnya ori,Nyoman A.,5.0
pengiriman cepet tapi tranfer failnya lemot,Dede R.,5.0
flashdisknya bagus tapi jatoh sama teman akhirnya rusak untuk mengeluarkan nya,Abdul R.,4.0
cepet sampai barang asli bagus lah thanks lazada,Lazada Customer,5.0
barang cepat cuma 2 hari garansi resmi mantabb,Adriyansyah,5.0
cepet sampai 1 hari udah sampai barang bagus gk cepet panas walau di pake lama pokoknya mantab,Hofur S.,4.0
bagus packing rapi modelnya aku suka thanks lazada,Isnaini,5.0
barang bagus pertahankan,Rio S.,5.0
barangnya sudah saya terima kondisi sangat baik trimakasih lazada,SAFAR,4.0
produk oke dan original by datascrip tapi sayang kapasitas bersihnya 29gb,Ega D.,4.0
pengiriman cepet barang bagus transfer data lebih cepat daripada tipe cruzer switch,Meilinda H.,5.0
produk mantap sesuai deskripsi,Sayyuda F.,5.0
good,Ficky,5.0
produk sesuai pengiriman cepat,Lazada Customer,5.0
produk bagus,David A.,5.0
barang sangat bagus trimakasih,Lazada Customer,5.0
barang yg dikirim tidak seperti yang di gambar,Dwi D.,2.0
barang yg sampe cruzer yg biasa tidak sesuai di gambar tapi size nya 64gb,Muhammad A.,4.0
cukup bagus,Tarmudi,5.0
knpa prosesnya lama apa gagal atau sya harus pesan lagi,Lazada Guest,2.0
barang saya ko gaada ya padahal saya ngasih alamatnya bener dan saya cek di situs jnenya alamat tujuannya kok salah mohon diperiksa kembali saya beli barang bebarengan dengan yang lain yg lainnya udh sampai tapi beli di sini gaada barangnya sampai sekarang,wahid y.,1.0
kecewa alias barang aspal ya lumayan buat isi mp3 sih banyak lagunya,Lazada Customer,3.0
flashdisk 64gb tpi isi cm 2gb gk bs dipakai,Dian k.,1.0
tidak bisa berfungsi menyimpan data,Achmad M.,1.0
barang tidak pernah sampai yg hitam yg putih ga bisa dipake,Giacinta,1.0
pengiriman lama warna yang dateng putih bukan hitam,Aysa,1.0
krn pesanan tdk sesuai dengan kirimannya dr warna saja saya pesan hitam dikirm putih dan tidak bisa dipakai di labtop anak saya seharusnya tidah seperti itu yah,Mengulas s.,1.0
flashdisk saat dicopy file yg kebaca setengah doang ud mana beli 2 saya tertipu pantes g garansi hati hati untuk yg mau beli,ridwan,1.0
ketika barang datang masih di luar kota 2 minggubkemudian baru cek barang dari awal muncul pertanyaan karena di pembungkusnya sendiri tulisannya toshiba kapasitas 8 gb sedangkan di flashdisk memang tertulis 64 gb setelah dicoba untuk kopi file ternyata banyak yang failed dan yang berhasil dikopi ternyata juga tidak dapat dibuka sepertinya ini hanyalah produk gagal buatan oem yang dibuat asal asalan untuk dijual murah dan pihak toko terlanjur membeli dalam jumlah banyak kemudian berusaha menjual dengan segala cara,surya a.,1.0
rusak gk bisa dipakai kapok,dhini m.,1.0
ga bisa dipakai,Adha S.,1.0
barangnya lama sekali,Fernando,1.0
produk jauh dari yang diharapkan sangat kecewa,Helmy A.,1.0
kok dapet nya warna biru,Lazada Customer,1.0
barang diterima cepat seller n lazada pelayanan bagus kemasan rapi kasih plastik tebal lagi good tvnya cakep sesuai gambar n speknya display cukuplah sesuai sempat ada baut casing lepas dikencangkan ternyata bisa recomended buat yang nyari,aryadi,5.0
ini tv jg bs jadi monitor pc kan,Amira R.,4.0
boleh kredit bang,Lazada Guest,5.0
1 hari order besok langsung sampai fast respon fast seller,Liana,5.0
biar bintang yang berbicara,Liana,5.0
bagus barangnya,Kusnadi,5.0
mantab reseller nya pengiriman cepat dan pakingan ok thank s reseller dan lazada sukses selalu buat reseller dan lazada,Kusnadi,5.0
packing dan barangnya ok namun bonus pouch ukurannya terlalu kecil untuk tempat hardisk nya,Lazada Customer,5.0
pengiriman cepat kualitas gambar bagus terutama kualitas suaranya oke dvb t2 berfungsi baik cuma remote ada yg error tombol source tidak fungsi jd kalau mau ganti ke usb hdmi atau lainnya mesti pencet tombol fisik di tvnya sudah minta ganti ke seller malah disuruh contact aquanya kata aqua kalau remote rusak dan baru beli bisa minta ganti ke tokonya ribet deh dipingpong,Wisnu V.,2.0
ini layar sentuh bukan yah,Desy N.,3.0
saya pesan uang sdah d transfer tapi barng tdk sampai,juliyana,1.0
bagi yang minat order pesan barang kami silahkan add whatsapp wa 085200343400 langsung dari reseller toko terimah kasih,Haji A.,5.0
hi sist gan stocknya masih ready informasi produk kami silahkan chat add whatsapp 0852 5468 9727 respon cepat aman terpercaya pengiriman via jne tiki seller resmi lazada terima kasih,lazada.co.id,5.0
untuk info buat pelanggan setia kami di karenakan lazada slow respon cepat aman dan terpercaya kami buka orderan pemesanan beli 1 garatis 1 melalui via whatsapp wa 085250720044,Kalina,5.0
bagi yang minat order pesan barang kami untuk lebih memastikan silahkan add whatsapp wa 085200343400 langsung dari reseller toko terimah kasih,Haji A.,5.0
klu cicilan gmn cranya yah,Lazada Guest,1.0
saya dari sumba timur waingapu,Lazada Guest,4.0
cara kredit nya bagaimana,Lazada Guest,5.0
bisa di cicil gak,Lazada Guest,3.0
laptop nya bagus,Lazada Guest,5.0
tidak bisa di kurangi ya biar jadi 1 000000,Lazada Guest,1.0
ini berapa inci ya layarnya,Ad,3.0
ini bayar di tempat apa tidak,Lazada Guest,1.0
bayar ditempat,Lazada Guest,3.0
caranya gmn ya,Lazada Guest,1.0
rizi,Lazada Guest,4.0
ditulis khusus jabodetabek tp tersedia diwilyah lampung dibeli tp dicancel krn diluar daerah klo gk bisa harusnya dtulis tdk tersedia diwil anda,joko b.,1.0
gmana caranya klw mau ikut kredit di lazada,Nursih H.,3.0
bisa kiri ke kota blitar tidak,Yulia,1.0
klw di kirim k karawang bisa gak,Lazada Guest,2.0
gambarnya tidak keliatan,Fitra R.,2.0
terimakasih barang nya memuaskan semoga awet juga,Lazada Customer,5.0
mantuulll,Santi D.,5.0
makasih gan tapi produk nya saya mesen yang 16gb dateng nya mlh yang 32gb mungkin slh masukin produk,Viqri H.,5.0
alhamdulillah puas wlau pengirimannya hmpr mlm tpi semuanya ok,Lazada Customer,5.0
barangnya bagus suara dan gambar jernih mudah mudahan awet pengepakanya rapi datang tepat waktu kurirnya juga ramah makasih lazadd,Mujari,5.0
barang cukup memuaskan seller responsif packing aman karena dari kayu yah tpi pengirimannya agak sedikit lama tpi its ok yang penting barang sudah sampai,Salman A.,5.0
packing rapih dan aman banget barangnya pengiriman cepat hari ini order besok langsung dateng pokonya seller recommended dari segi harga juga bersaing d,Herdy S.,5.0
tv nya sudah datang alhamdulillah amin,Herman N.,1.0
produknya sesuai dgn gambar puas bgt,Martha P.,5.0
tv a bagus bngt layar a jga jernih bngt,maudi S.,5.0
puas sama produknya bagus n berkualitas,Myda S.,5.0
good job,siti K.,5.0
bgs,Ryan N.,5.0
siip,Sur M.,5.0
aku puas banget sama layanan di lazada pengirimannya cepat barangnya juga gak lecet sedikit pun terimakasih lazada,Chaeira P.,5.0
min ram nya emang segitu,Lazada Guest,5.0
barang asli dan sesuai,Lazada Customer,5.0
wd my passport 4tb harga paling murah dibanding tempat lain sudah cek online dan offline barang bagus sudah di cek total kapasitas 3 64tb original bisa di register ke web wd nya untuk garansi 3 thn diberi beberapa software utility free diantaranya wd security untuk protect hd agar tdk bisa dibuka orang lain dan ada bonus pouch lumayan buat tempat hd nya,Robby,5.0
order mi notebook air gold 12 5 inch sampai sesuai harapan barangnya asli packagingnya aman bagus sellernya informatif cepat dikirimnya dan sudah ready terinstall dengan windows 10 english version terima kasih banyak seller,Saki,5.0
pengiriman barang ternyata sangat cepat hari ke 2 barang sudah diterima dalam keadaan baik packing rapih dan setelah dicek laptop bekerja sesuai harapan terima kasih atas layanannya yang sangat baik,Sonny G.,5.0
pengirimannya benar benar top packingnya rapi dan aman barangnya oke windowsnya udah pakai win 10 english version top deh,Lazada Guest,5.0
lebih keren dari perkiraan awal windows 10 sudah dikonfersi ke bahasa inggris mantab,Candra H.,5.0
gan kok gak dapat di kirm ke nad disitu tertulis barang ini tidak dapat di kirim ke lokasi anda,Lazada Guest,5.0
mbak mas kabari ya barang kalau udah ready stok saya rencana mau order mkasih,IVO S.,5.0
pelayanannya baik,Miranda G.,5.0
pengiriman cepat barang di terima dengan baik dan lengkap langsung coba dapat bonus usb led dll recommended seller,Setyo W.,5.0
barang bagus awet sampai sekarang,Fardyan C.,5.0
pemasangan anti virus oleh pihak wd secara online dibantu memasang juga mantap lazadaterpercaya,U S.,5.0
pengiriman cpt smp produk bagus sesuai gambar trims,Lia N.,3.0
saya kira antivirusnya ada kasetnya eh ternyata cuma dikasih nomor serial disuruh download sendiri overall bagus lah pengiriman cepat cuma 1 hari datang,Aditya F.,4.0
hrg bersaing bagus,Yamani S.,5.0
bagus koq cm gak pake antivirusnya aja ribet sih d,Inge,5.0
ntaps,Luki M.,5.0
barang sudah diterima dan pengiriman lumayan cepat tapi ada 2 hal yg harus penjual perhatikan 1 di etalase tv dijual dengan bonus free braket tapi yang datang cuma tv nya doang braketnya ga ada 2 ongkir tercantum rp 200 000 saya kirim sesuai yg tercantum tp pas di cek di resi yang tercantum oleh ekspedisi cobra ternyara cuma 75 000 tetep konsumen yang dirugikan toko ini jadi catatan buat saya kecuali menylesaikannya,Nurkamal,2.0
tv nya udh seminggu blm sampai juga sepertinya harus meningkatkan pengiriman nya lebih diperhatikan supaya sampai sesuai estimasi thanks,Lazada Guest,3.0
ini bisa nonton dengar music liat poto via usb gk,Lazada Guest,5.0
sesuai pesanan bagus thanks gan,qorny,5.0
produk dgn pesanan no 3288859132 sudah diterima,Nicky S.,5.0
ok sesuai sm deksripsi,Lazada Customer,5.0
alhamdulillah barang sampai dengan aman karna peking yang bagus semoga barang awet selalu amanah dan lancar rejekinya amiin,Windi W.,5.0
sesuai dengan pesanan semoga awet ya,Lazada Customer,5.0
kualitas ori kapasitas sesuao dengan dekripsinya,Indra W.,5.0
barang bagus dengan harga ok,Najmy U.,5.0
barang bagus dan berfungsi,Muhamad A.,4.0
virus shortcut,Lazada Customer,1.0
packing ok barang sesuai deskripsi,Herman K.,5.0
barangnya tiba dengan selamat cepat tapi kemasan otg nya nggak memuaskan,Lazada Customer,3.0
siiplah pokonya thanks lazada,Lazada Customer,5.0
mudah2 n awet barang nya ada hologram nya,Atin S.,5.0
suka bgt barangx mulus lus lus and berfungsi dgan baik thanks lazada,Bahri S.,4.0
barang sampe sesuai pada waktu nya packingan rapi terima kasih lazada,Junaedi A.,5.0
mudah2n awet amin,ayi M.,4.0
warna tidak sesuai,Lazada Customer,4.0
eliminasi 2 hari packing rapi tapi warna gak sesuai yang di ingini tapi barang normal work,Moch.Mughni,4.0
product oke sesuai destkripsi dapet tas backpack jga recomend seller good dah pkknya,Utamy A.,5.0
laptop nya dikirim sangat top modal kaciwa,bambang P.,5.0
sesuai dengan keinginan dan kebutuhan,Lazada Customer,5.0
paket sudah saya terima terlambat sedikit pengirimannya tapi tidak apa apa thanks lazada,Ahmad S.,5.0
respon cepat dan pengiriman cepat via go send,Deniel,5.0
flashdisk baru waktu pas beli lagi diskon packagingnya jga rapih so far so good,Mia,5.0
barang cepet sampe thanks,Ikbal,5.0
brg sesuai cuma delivery agak lama,Tommy,4.0
ok deh mantep,Nur R.,5.0
flashdisk sandisk ok banget ada bonus lagi terima kasih,Lazada Guest,5.0
barangnya bagus untuk harga semurah ini,john,5.0
gan saya pesan warna biru kok yang datang warna merah,Tita M.,2.0
8 hari baru sampai sistemnya kosong root saja tampil jadi hrs install ulang packingan rapi dan tersegel,Muhammad M.,3.0
barang yg di kirim tidak sesuai dengan yang di tampilkan,I n.,2.0
barang sudah sampe untuk pengriman ke kupang ntt waktunya termasuk cepat packing safe dan rapi barang sesuai gambar dan spek yang ditawarkan tx lazada kenkez,Sonny S.,5.0
tengkyuu barangnya nyampe tepat waktu packing rapi dan savety banget recommended seller,Fitria W.,5.0
terlambat satu hari karena kurir sampai dikantor pada malam hari jd besoknya baru bisa saya terima tp barang saya terima dengan baik terima kasih,Mon R.,4.0
barang sesuai pemesanan pengiriman cepat jakarta,nat T.,5.0
harddisk berjalan dengan baik kelengkapan juga oke,Andi A.,5.0
2bulan pake crashed pdhl ga prnah jatoh,Lazada Customer,1.0
jum at pesan besoknya nyampai barang bagus tdk ada cacatnya terima kasih lazada,harry d.,5.0
maaf baru sempat review secara umum cukup puas dengan layanan penjual packing bagus rapih dan aman fisik barang sesuai gambar dan ulasan yang ada di website hanya saya mis informasi aja karena ternyata hd external wd ini gak dapat sarungnya overall saya rekomendasi sellernya thanks dan tingkatkan selalu pelayanannya sukses,Ricky P.,5.0
mantapppp,Lazada Customer,5.0
bagus sesuai pesanan,Izharrudin,5.0
flashdisk nya lucu sesuai dengan gambar pokoknya suka,Hanifah -.,5.0
cukup memuaskan,Willem,2.0
sip,Ahmad A.,4.0
diresponnya cepat 2 hari datang usb nya gak mengecewakan sama kayak yang digambar,Sachi S.,5.0
barang diantar dengan cepat dan sesuai dengan penjelasan yang ada penjual merespondengan cepat,Eka F.,4.0
wkt baca2 di keterangannya ini bkn ori alias kw tp coba krn review yg lain jg ok tp memang ok bgt bs dipakai dgn baik bole yg mau beli,Lazada Customer,4.0
barang nya sesuai dan mulus di bungkus rapi,Panji S.,3.0
matul bangetz barangnya berfungsi sesuai harapan sukses trus bwt toko dan lazada pengiriman super cepat blum waktunya udah lngsung dikirim mantul dah poko e,Nassuri,5.0
maap bru ksi ulasan barang yampe dengan slamt dan aman tpi belum di coba krna belum sempet moga awet dan dan bagus,Lazada Customer,5.0
barang sesuai pesanan pengiriman tepat waktu paking rapih puas banget,Lazada Customer,5.0
ok,Verly T.,5.0
item arrived in perfect condition and still working well until today fast delivery and great customer service communication thanks,Alethia H.,3.0
ini cuman my passport biasa bukan my passport ultra tulis deskripsi yang bener ya,Syintia D.,1.0
awet,Yunita G.,5.0
untuk semua hardisk kah gan,Obby A.,5.0
product ok sesuai dengan foto pengiriman lebih cepat dari estimasi ok,Achmad T.,5.0
barang sesuai gambar dan bagus,ANANG P.,5.0
tidak sesuai gambar,Andi U.,1.0
3 kali cicilan maksudnya 3 bln ya persyaratan untuk kredit apa aja ya,Lazada Guest,1.0
kualitas barangny bisa di jamin g ya,Lazada Guest,2.0
klu saya mau beli tv di lazada di jamin g ya kualitasnya,Lazada Guest,3.0
gmna,Lazada Guest,3.0
barang sampai dengan baik packingnya bagus isi kotaknya lengkap ada casing hdd kabel male to male obeng kecil baut sama wadah luar alhamdulillaah bisa digunakan dengan baik semoga awet terima kasih,Rima A.,5.0
pengiriman cepat packing rapi dan aman barang sesuai deskripsi mulai dati pemasangan sampai pemakaian tak ada kendala bekerja dengan normal,Ari S.,5.0
packing rapih semoga awet thanks lazada,Arysto A.,5.0
packingnya rapi barangnya bagus dan murah tq,Willyam C.,5.0
lumayan lah untuk harga segini sayang ngebaca hdd 700gb lemot euy,reza a.,3.0
cukup puas barang trima ksih lazada,Ukat S.,5.0
bagus,Andi S.,5.0
lumayan,Monkz-666,3.0
barang bekerja dengan baik harga murah tapi pengiriman agak lama sukses terus lazada,Fanto B.,5.0
cepat sampai original sudah di test dan sekarang jd tandem ssd intel saya terima kasih,Sondya L.,5.0
pengiriman cepat barang bagus,ZURYANA,4.0
recomended thx,Adi L.,5.0
sesuai tapi powerbanknya ringan sekali sesuai harga sih,Rayqa,4.0
barang dipacking kuat dan rapih cepat sampai sesuai estimasi trimakasih kotakom,cica O.,5.0
barang di pesan tanggal13 juli tgl14 barang sudah di kirim tanggal 26 barang sampai memang sedikit lama tapi saya maklum kok karena barang nya dari luar negri packing rapi barang berfungsi dengan baik,panji f.,5.0
good dan bisa di pake,Ajman N.,5.0
udah hampir 2 minggu barang belum jg nyampe order tgl 27 april 2017 status pesanan masi aja dlm proses gmana ni lazada,ferry s.,1.0
barangnya udah sampai thanks lazada,khaerun s.,5.0
mohon bantuan nya kok barangnya belom sampai udh 21hari sy tunggu gag kunjung datang mohon diperhatikan terima kasih,Riyan H.,1.0
barang datang cepat mulus semoga tidak ada masalah kedepannya,Adam R.,5.0
hanya bisa menyimpan sedikit file padahal kapasitas 16 gb sebagian besar file lainnya tidak bisa terbaca padahal sudah saya coba beberapa kali,Meriyah,3.0
tidak bisa menyimpan data,ibnu l.,1.0
ga kecewa deh barang keren kemasan rapih makasih bos,Edo R.,5.0
barang oke,Muhammad S.,5.0
karna tidak bisa nyimpan film dan data,Lazada Guest,1.0
bagus produknya,jamal F.,5.0
pesanan saya yg ini belum saya terima kenapa dibuat sudah saya terima tolong dong ini dicek lagi,Yen Z.,5.0
barangnya bagus,Mulyadi H.,5.0
blom keterima,Dedeh D.,5.0
produk nya mantap,Achiranto L.,5.0
so far so good,Lazada Customer,5.0
barang ok kiriman tepat waktu,Ni P.,4.0
sesuai,Miny B.,5.0
barang bagus tapi sayang pengiriman dari pihak j t barangnya kesasar ke kota pamekasan padahal sudah tercantum kota sampang utk j t lebih hati hati lagi ya untung tidak hilang barangnya utk seller top fast response,Helmi A.,5.0
barang nyampai dgn mulus tdk ada cacat,moch A.,5.0
thanks lazada barang nya sesuai expektasi,fahmi A.,5.0
barang good pengiriman cepat kurir mantap ramah makasih lazada,kang W.,5.0
barang berfungsi normal semoga awet,andriyanto,5.0
barang sesuai deskripsi dan orderan,Mumtaz A.,5.0
falshdisk bagus berfungsi dengan baik,Mohamad Z.,5.0
barang sesuai pesanan mantab,GIGIH H.,5.0
thx lazada semoga fdnya awet,Mokhammad R.,5.0
pengiriman cepat smoga awet,Yunanto A.,5.0
pengiriman cepat brgnya mantap,KURNIAWAN,5.0
sampai dgn selamat dan aman,Mhd A.,5.0
saya belum terima barangnya,Lazada Customer,5.0
brg ok sampai cepat,Trio T.,5.0
mantap,Adolf A.,5.0
sip,RuudJR R.,5.0
pengiriman on time cuman packing sederhana sekali tanpa bubble wrap,Hendrik,4.0
kurir baik n bertanggungjawab barang sesuai spesifikasi semoga awet ya,Agus,5.0
barang cepat sampai sesuai pesanan,Lazada Customer,5.0
barang ok kemasan rapih,Mamahnya D.,5.0
mantap sesuai pesanan nih mah pokok nya joss,Lazada Customer,5.0
bagus dan sangat sesuai dengan kebutuhan,Denny V.,5.0
lumayan dengan harga segitu packing rapih pengiriman cepat semoga tidak ada kendala,Teguh M.,4.0
mudah mudahan bisa beli laptop mahals kalo bisa beli asus rog aja wkwk,Lazada Guest,5.0
pengen beli budget ga cukup,Anonymous,5.0
yah lumayan lah tapi saya ketemu ram 16gb ddr4 pake rx460 i7 6700hq malah 9 jutaan,Lazada Guest,4.0
tunggu gua jual lepi lama gua ama ngutang tetangga sebelah nanti gua beli,Lazada Guest,5.0
apa produk aslinya sesuai dgn yg di gambar ini,Lazada Guest,4.0
dikantong cuma ada 15rb,Lazada Guest,5.0
,.,2.0
